rank,primary_isbn13,rank_last_week,weeks_on_list,list_date,list_name,rank_change
1,9780812974492,1,184,2014-12-20,combined-print-and-e-book-nonfiction,0
2,9780805096682,2,13,2014-12-20,combined-print-and-e-book-nonfiction,0
3,9780307476074,3,92,2014-12-20,combined-print-and-e-book-nonfiction,0
4,9780553447781,4,6,2014-12-20,combined-print-and-e-book-nonfiction,0
5,9780544272996,7,13,2014-12-20,combined-print-and-e-book-nonfiction,-2
6,9780062268341,5,8,2014-12-20,combined-print-and-e-book-nonfiction,1
7,9780062376336,9,44,2014-12-20,combined-print-and-e-book-nonfiction,-2
8,9780143125471,6,31,2014-12-20,combined-print-and-e-book-nonfiction,2
9,9781250038821,8,9,2014-12-20,combined-print-and-e-book-nonfiction,1
10,9780805095159,10,11,2014-12-20,combined-print-and-e-book-nonfiction,0
11,9781627792288,12,6,2014-12-20,combined-print-and-e-book-nonfiction,-1
12,9781476764023,0,3,2014-12-20,combined-print-and-e-book-nonfiction,12
13,9780062314963,11,5,2014-12-20,combined-print-and-e-book-nonfiction,2
14,9780812994995,14,12,2014-12-20,combined-print-and-e-book-nonfiction,0
15,9781476708690,15,8,2014-12-20,combined-print-and-e-book-nonfiction,0
16,9781476783666,0,0,2014-12-20,combined-print-and-e-book-nonfiction,16
17,9780385348249,0,0,2014-12-20,combined-print-and-e-book-nonfiction,17
18,9780307886279,0,0,2014-12-20,combined-print-and-e-book-nonfiction,18
19,9780385535373,0,0,2014-12-20,combined-print-and-e-book-nonfiction,19
20,9781594486296,0,0,2014-12-20,combined-print-and-e-book-nonfiction,20
1,9780812974492,1,185,2014-12-27,combined-print-and-e-book-nonfiction,0
2,9780062376336,7,45,2014-12-27,combined-print-and-e-book-nonfiction,-5
3,9780307476074,3,93,2014-12-27,combined-print-and-e-book-nonfiction,0
4,9780805096682,2,14,2014-12-27,combined-print-and-e-book-nonfiction,2
5,9780062268341,6,9,2014-12-27,combined-print-and-e-book-nonfiction,-1
6,9780553447781,4,7,2014-12-27,combined-print-and-e-book-nonfiction,2
7,9780143125471,8,32,2014-12-27,combined-print-and-e-book-nonfiction,-1
8,9780544272996,5,14,2014-12-27,combined-print-and-e-book-nonfiction,3
9,9780812994995,14,13,2014-12-27,combined-print-and-e-book-nonfiction,-5
10,9780805095159,10,12,2014-12-27,combined-print-and-e-book-nonfiction,0
11,9781627792288,11,7,2014-12-27,combined-print-and-e-book-nonfiction,0
12,9781250038821,9,10,2014-12-27,combined-print-and-e-book-nonfiction,3
13,9781476708690,15,9,2014-12-27,combined-print-and-e-book-nonfiction,-2
14,9780374280604,0,2,2014-12-27,combined-print-and-e-book-nonfiction,14
15,9781476764023,12,4,2014-12-27,combined-print-and-e-book-nonfiction,3
16,9780307886279,0,0,2014-12-27,combined-print-and-e-book-nonfiction,16
17,9781476783895,0,0,2014-12-27,combined-print-and-e-book-nonfiction,17
18,9780062314963,0,0,2014-12-27,combined-print-and-e-book-nonfiction,18
19,9780385348249,0,0,2014-12-27,combined-print-and-e-book-nonfiction,19
20,9780553380163,0,0,2014-12-27,combined-print-and-e-book-nonfiction,20
1,9780679603757,1,186,2015-01-03,combined-print-and-e-book-nonfiction,0
2,9780062082374,2,46,2015-01-03,combined-print-and-e-book-nonfiction,0
3,9780307957658,3,94,2015-01-03,combined-print-and-e-book-nonfiction,0
4,9781101622742,7,33,2015-01-03,combined-print-and-e-book-nonfiction,-3
5,9780062268341,5,10,2015-01-03,combined-print-and-e-book-nonfiction,0
6,9780805096682,4,15,2015-01-03,combined-print-and-e-book-nonfiction,2
7,9780812994995,9,14,2015-01-03,combined-print-and-e-book-nonfiction,-2
8,9780805095159,10,13,2015-01-03,combined-print-and-e-book-nonfiction,-2
9,9780553447781,6,8,2015-01-03,combined-print-and-e-book-nonfiction,3
10,9780544272996,8,15,2015-01-03,combined-print-and-e-book-nonfiction,2
11,9780374280604,14,3,2015-01-03,combined-print-and-e-book-nonfiction,-3
12,9781627792295,11,8,2015-01-03,combined-print-and-e-book-nonfiction,1
13,9780307886279,0,11,2015-01-03,combined-print-and-e-book-nonfiction,13
14,9780553380163,0,1,2015-01-03,combined-print-and-e-book-nonfiction,14
15,9781400865123,0,1,2015-01-03,combined-print-and-e-book-nonfiction,15
16,A00B00ALCKQGA,0,0,2015-01-03,combined-print-and-e-book-nonfiction,16
17,9780307452207,0,0,2015-01-03,combined-print-and-e-book-nonfiction,17
18,9780957111615,0,0,2015-01-03,combined-print-and-e-book-nonfiction,18
19,9780316007542,0,0,2015-01-03,combined-print-and-e-book-nonfiction,19
20,9781476731926,0,0,2015-01-03,combined-print-and-e-book-nonfiction,20
1,9780679603757,1,187,2015-01-10,combined-print-and-e-book-nonfiction,0
2,9780062082374,2,47,2015-01-10,combined-print-and-e-book-nonfiction,0
3,9780307957658,3,95,2015-01-10,combined-print-and-e-book-nonfiction,0
4,9781101622742,4,34,2015-01-10,combined-print-and-e-book-nonfiction,0
5,9780307589385,0,79,2015-01-10,combined-print-and-e-book-nonfiction,5
6,9780062268341,5,11,2015-01-10,combined-print-and-e-book-nonfiction,1
7,9780805096682,6,16,2015-01-10,combined-print-and-e-book-nonfiction,1
8,9780805095159,8,14,2015-01-10,combined-print-and-e-book-nonfiction,0
9,9780770433260,0,1,2015-01-10,combined-print-and-e-book-nonfiction,9
10,9780812996951,0,1,2015-01-10,combined-print-and-e-book-nonfiction,10
11,9780062265432,0,9,2015-01-10,combined-print-and-e-book-nonfiction,11
12,9780802199782,0,1,2015-01-10,combined-print-and-e-book-nonfiction,12
13,9780812994995,7,15,2015-01-10,combined-print-and-e-book-nonfiction,6
14,9780465065684,0,1,2015-01-10,combined-print-and-e-book-nonfiction,14
15,9780544272996,10,16,2015-01-10,combined-print-and-e-book-nonfiction,5
16,9781451654707,0,0,2015-01-10,combined-print-and-e-book-nonfiction,16
17,9781493009220,0,0,2015-01-10,combined-print-and-e-book-nonfiction,17
18,9780553447781,0,0,2015-01-10,combined-print-and-e-book-nonfiction,18
19,9780374280604,0,0,2015-01-10,combined-print-and-e-book-nonfiction,19
20,9780553380163,0,0,2015-01-10,combined-print-and-e-book-nonfiction,20
1,9780062082374,2,48,2015-01-17,combined-print-and-e-book-nonfiction,-1
2,9780679603757,1,188,2015-01-17,combined-print-and-e-book-nonfiction,1
3,9780307957658,3,96,2015-01-17,combined-print-and-e-book-nonfiction,0
4,9781101622742,4,35,2015-01-17,combined-print-and-e-book-nonfiction,0
5,9781400205844,0,1,2015-01-17,combined-print-and-e-book-nonfiction,5
6,9780062268341,6,12,2015-01-17,combined-print-and-e-book-nonfiction,0
7,9780805096682,7,17,2015-01-17,combined-print-and-e-book-nonfiction,0
8,9780805095159,8,15,2015-01-17,combined-print-and-e-book-nonfiction,0
9,9780812996951,10,2,2015-01-17,combined-print-and-e-book-nonfiction,-1
10,9781451654707,0,1,2015-01-17,combined-print-and-e-book-nonfiction,10
11,9780770433260,9,2,2015-01-17,combined-print-and-e-book-nonfiction,2
12,9780812994995,13,16,2015-01-17,combined-print-and-e-book-nonfiction,-1
13,9780691164724,0,2,2015-01-17,combined-print-and-e-book-nonfiction,13
14,9780307589385,5,80,2015-01-17,combined-print-and-e-book-nonfiction,9
15,9780307587848,0,1,2015-01-17,combined-print-and-e-book-nonfiction,15
16,9780316007542,0,0,2015-01-17,combined-print-and-e-book-nonfiction,16
17,9780544272996,0,0,2015-01-17,combined-print-and-e-book-nonfiction,17
18,9780553447781,0,0,2015-01-17,combined-print-and-e-book-nonfiction,18
19,9780307352156,0,0,2015-01-17,combined-print-and-e-book-nonfiction,19
20,9780316017930,0,0,2015-01-17,combined-print-and-e-book-nonfiction,20
1,9780062082374,1,49,2015-01-24,combined-print-and-e-book-nonfiction,0
2,9780679603757,2,189,2015-01-24,combined-print-and-e-book-nonfiction,0
3,9780307957658,3,97,2015-01-24,combined-print-and-e-book-nonfiction,0
4,9781101622742,4,36,2015-01-24,combined-print-and-e-book-nonfiction,0
5,9780767928427,0,1,2015-01-24,combined-print-and-e-book-nonfiction,5
6,9780805095159,8,16,2015-01-24,combined-print-and-e-book-nonfiction,-2
7,9780062268341,6,13,2015-01-24,combined-print-and-e-book-nonfiction,1
8,9780805096682,7,18,2015-01-24,combined-print-and-e-book-nonfiction,1
9,9781250060990,0,1,2015-01-24,combined-print-and-e-book-nonfiction,9
10,9780316007542,0,27,2015-01-24,combined-print-and-e-book-nonfiction,10
11,9781451654707,10,2,2015-01-24,combined-print-and-e-book-nonfiction,1
12,9780307589385,14,81,2015-01-24,combined-print-and-e-book-nonfiction,-2
13,9780374280604,0,4,2015-01-24,combined-print-and-e-book-nonfiction,13
14,9780698145610,0,1,2015-01-24,combined-print-and-e-book-nonfiction,14
15,9781400865123,13,3,2015-01-24,combined-print-and-e-book-nonfiction,2
16,9780812994995,0,0,2015-01-24,combined-print-and-e-book-nonfiction,16
17,9780812981605,0,0,2015-01-24,combined-print-and-e-book-nonfiction,17
18,9780316278232,0,0,2015-01-24,combined-print-and-e-book-nonfiction,18
19,9780770433260,0,0,2015-01-24,combined-print-and-e-book-nonfiction,19
20,9781400205844,0,0,2015-01-24,combined-print-and-e-book-nonfiction,20
1,9780062082374,1,50,2015-01-31,combined-print-and-e-book-nonfiction,0
2,9780679603757,2,190,2015-01-31,combined-print-and-e-book-nonfiction,0
3,9780307957658,3,98,2015-01-31,combined-print-and-e-book-nonfiction,0
4,9781101622742,4,37,2015-01-31,combined-print-and-e-book-nonfiction,0
5,9780805095159,6,17,2015-01-31,combined-print-and-e-book-nonfiction,-1
6,9781453203927,0,1,2015-01-31,combined-print-and-e-book-nonfiction,6
7,9781400205844,0,2,2015-01-31,combined-print-and-e-book-nonfiction,7
8,9781466844070,0,1,2015-01-31,combined-print-and-e-book-nonfiction,8
9,9780062268341,7,14,2015-01-31,combined-print-and-e-book-nonfiction,2
10,9780805096699,8,19,2015-01-31,combined-print-and-e-book-nonfiction,2
11,9781451654707,11,3,2015-01-31,combined-print-and-e-book-nonfiction,0
12,9780984504176,0,1,2015-01-31,combined-print-and-e-book-nonfiction,12
13,9780385530002,0,1,2015-01-31,combined-print-and-e-book-nonfiction,13
14,9780307538260,0,1,2015-01-31,combined-print-and-e-book-nonfiction,14
15,9780316007542,10,28,2015-01-31,combined-print-and-e-book-nonfiction,5
16,9781628720242,0,0,2015-01-31,combined-print-and-e-book-nonfiction,16
17,9781250060990,0,0,2015-01-31,combined-print-and-e-book-nonfiction,17
18,9780061981364,0,0,2015-01-31,combined-print-and-e-book-nonfiction,18
19,9780307589385,0,0,2015-01-31,combined-print-and-e-book-nonfiction,19
20,9780062297129,0,0,2015-01-31,combined-print-and-e-book-nonfiction,20
1,9780062376336,1,51,2015-02-07,combined-print-and-e-book-nonfiction,0
2,9780679603757,2,191,2015-02-07,combined-print-and-e-book-nonfiction,0
3,9780307957658,3,99,2015-02-07,combined-print-and-e-book-nonfiction,0
4,9781101622742,4,38,2015-02-07,combined-print-and-e-book-nonfiction,0
5,9781400205837,7,3,2015-02-07,combined-print-and-e-book-nonfiction,-2
6,9780805096682,10,20,2015-02-07,combined-print-and-e-book-nonfiction,-4
7,9780805095159,5,18,2015-02-07,combined-print-and-e-book-nonfiction,2
8,9780062268341,9,15,2015-02-07,combined-print-and-e-book-nonfiction,-1
9,9780316007542,15,29,2015-02-07,combined-print-and-e-book-nonfiction,-6
10,9781594205866,0,2,2015-02-07,combined-print-and-e-book-nonfiction,10
11,9780385529983,13,2,2015-02-07,combined-print-and-e-book-nonfiction,-2
12,9781250045447,8,2,2015-02-07,combined-print-and-e-book-nonfiction,4
13,9781400865123,0,4,2015-02-07,combined-print-and-e-book-nonfiction,13
14,9780307589385,0,82,2015-02-07,combined-print-and-e-book-nonfiction,14
15,9780544272996,0,17,2015-02-07,combined-print-and-e-book-nonfiction,15
16,9780307790514,0,0,2015-02-07,combined-print-and-e-book-nonfiction,16
17,9780307795298,0,0,2015-02-07,combined-print-and-e-book-nonfiction,17
18,9780812981605,0,0,2015-02-07,combined-print-and-e-book-nonfiction,18
19,9780345493811,0,0,2015-02-07,combined-print-and-e-book-nonfiction,19
20,9780812994995,0,0,2015-02-07,combined-print-and-e-book-nonfiction,20
1,9780062376336,1,52,2015-02-14,combined-print-and-e-book-nonfiction,0
2,9780679603757,2,192,2015-02-14,combined-print-and-e-book-nonfiction,0
3,9781101622742,4,39,2015-02-14,combined-print-and-e-book-nonfiction,-1
4,9780307957658,3,100,2015-02-14,combined-print-and-e-book-nonfiction,1
5,9780805095159,7,19,2015-02-14,combined-print-and-e-book-nonfiction,-2
6,9780805096682,6,21,2015-02-14,combined-print-and-e-book-nonfiction,0
7,9780770435639,0,2,2015-02-14,combined-print-and-e-book-nonfiction,7
8,9781594205873,0,1,2015-02-14,combined-print-and-e-book-nonfiction,8
9,9781400205837,5,4,2015-02-14,combined-print-and-e-book-nonfiction,4
10,9780062268341,8,16,2015-02-14,combined-print-and-e-book-nonfiction,2
11,9780062316097,0,1,2015-02-14,combined-print-and-e-book-nonfiction,11
12,9780316007542,9,30,2015-02-14,combined-print-and-e-book-nonfiction,3
13,9780062323217,0,2,2015-02-14,combined-print-and-e-book-nonfiction,13
14,9780062242730,0,5,2015-02-14,combined-print-and-e-book-nonfiction,14
15,9781594205866,10,3,2015-02-14,combined-print-and-e-book-nonfiction,5
16,9780544272996,0,0,2015-02-14,combined-print-and-e-book-nonfiction,16
17,9780385530002,0,0,2015-02-14,combined-print-and-e-book-nonfiction,17
18,9780345518576,0,0,2015-02-14,combined-print-and-e-book-nonfiction,18
19,9780691164724,0,0,2015-02-14,combined-print-and-e-book-nonfiction,19
20,9781250045447,0,0,2015-02-14,combined-print-and-e-book-nonfiction,20
1,9780062376336,1,53,2015-02-21,combined-print-and-e-book-nonfiction,0
2,9780679603757,2,193,2015-02-21,combined-print-and-e-book-nonfiction,0
3,9780307957658,4,101,2015-02-21,combined-print-and-e-book-nonfiction,-1
4,9781101622742,3,40,2015-02-21,combined-print-and-e-book-nonfiction,1
5,9780805095159,5,20,2015-02-21,combined-print-and-e-book-nonfiction,0
6,9780805096682,6,22,2015-02-21,combined-print-and-e-book-nonfiction,0
7,9780307351920,0,1,2015-02-21,combined-print-and-e-book-nonfiction,7
8,9781594205873,8,2,2015-02-21,combined-print-and-e-book-nonfiction,0
9,9780062268341,10,17,2015-02-21,combined-print-and-e-book-nonfiction,-1
10,9780307952950,0,1,2015-02-21,combined-print-and-e-book-nonfiction,10
11,9781400205837,9,5,2015-02-21,combined-print-and-e-book-nonfiction,2
12,9781480449794,0,6,2015-02-21,combined-print-and-e-book-nonfiction,12
13,9780316007542,12,31,2015-02-21,combined-print-and-e-book-nonfiction,1
14,9780698145610,15,4,2015-02-21,combined-print-and-e-book-nonfiction,-1
15,9780062039880,0,1,2015-02-21,combined-print-and-e-book-nonfiction,15
16,9781400052189,0,0,2015-02-21,combined-print-and-e-book-nonfiction,16
17,9781476755717,0,0,2015-02-21,combined-print-and-e-book-nonfiction,17
18,9781400865123,0,0,2015-02-21,combined-print-and-e-book-nonfiction,18
19,9780385530002,0,0,2015-02-21,combined-print-and-e-book-nonfiction,19
20,9780770435639,0,0,2015-02-21,combined-print-and-e-book-nonfiction,20
1,9780062376336,1,54,2015-02-28,combined-print-and-e-book-nonfiction,0
2,9780307957658,3,102,2015-02-28,combined-print-and-e-book-nonfiction,-1
3,9780679603757,2,194,2015-02-28,combined-print-and-e-book-nonfiction,1
4,9781101622742,4,41,2015-02-28,combined-print-and-e-book-nonfiction,0
5,9780805095159,5,21,2015-02-28,combined-print-and-e-book-nonfiction,0
6,9780062295897,0,1,2015-02-28,combined-print-and-e-book-nonfiction,6
7,9780805096682,6,23,2015-02-28,combined-print-and-e-book-nonfiction,1
8,9780385539005,0,1,2015-02-28,combined-print-and-e-book-nonfiction,8
9,9781941393574,0,1,2015-02-28,combined-print-and-e-book-nonfiction,9
10,9780062268341,9,18,2015-02-28,combined-print-and-e-book-nonfiction,1
11,9780307351920,7,2,2015-02-28,combined-print-and-e-book-nonfiction,4
12,9780553380163,0,2,2015-02-28,combined-print-and-e-book-nonfiction,12
13,9781400205837,11,6,2015-02-28,combined-print-and-e-book-nonfiction,2
14,9781400865123,0,5,2015-02-28,combined-print-and-e-book-nonfiction,14
15,9781455527441,0,1,2015-02-28,combined-print-and-e-book-nonfiction,15
16,9780316007542,0,0,2015-02-28,combined-print-and-e-book-nonfiction,16
17,9780062379115,0,0,2015-02-28,combined-print-and-e-book-nonfiction,17
18,9780802123411,0,0,2015-02-28,combined-print-and-e-book-nonfiction,18
19,9781493013937,0,0,2015-02-28,combined-print-and-e-book-nonfiction,19
20,9781594205873,0,0,2015-02-28,combined-print-and-e-book-nonfiction,20
1,9780062376336,1,55,2015-03-07,combined-print-and-e-book-nonfiction,0
2,9781101622742,4,42,2015-03-07,combined-print-and-e-book-nonfiction,-2
3,9780307957658,2,103,2015-03-07,combined-print-and-e-book-nonfiction,1
4,9780679603757,3,195,2015-03-07,combined-print-and-e-book-nonfiction,1
5,9780805095159,5,22,2015-03-07,combined-print-and-e-book-nonfiction,0
6,9780802191670,0,1,2015-03-07,combined-print-and-e-book-nonfiction,6
7,9780805096682,7,24,2015-03-07,combined-print-and-e-book-nonfiction,0
8,9780062268341,10,19,2015-03-07,combined-print-and-e-book-nonfiction,-2
9,9781555848095,0,1,2015-03-07,combined-print-and-e-book-nonfiction,9
10,9780553380163,12,3,2015-03-07,combined-print-and-e-book-nonfiction,-2
11,9780062295897,6,2,2015-03-07,combined-print-and-e-book-nonfiction,5
12,9780316007542,0,32,2015-03-07,combined-print-and-e-book-nonfiction,12
13,9780393244816,0,1,2015-03-07,combined-print-and-e-book-nonfiction,13
14,9780307352156,0,39,2015-03-07,combined-print-and-e-book-nonfiction,14
15,A00B007MNAROM,0,1,2015-03-07,combined-print-and-e-book-nonfiction,15
16,9780062199218,0,0,2015-03-07,combined-print-and-e-book-nonfiction,16
17,9780544272996,0,0,2015-03-07,combined-print-and-e-book-nonfiction,17
18,9780812981605,0,0,2015-03-07,combined-print-and-e-book-nonfiction,18
19,9780385539005,0,0,2015-03-07,combined-print-and-e-book-nonfiction,19
20,9780307351920,0,0,2015-03-07,combined-print-and-e-book-nonfiction,20
1,9780553446753,0,1,2015-03-14,combined-print-and-e-book-nonfiction,1
2,9780062376336,1,56,2015-03-14,combined-print-and-e-book-nonfiction,1
3,9781101622742,2,43,2015-03-14,combined-print-and-e-book-nonfiction,1
4,9780307957658,3,104,2015-03-14,combined-print-and-e-book-nonfiction,1
5,9780679603757,4,196,2015-03-14,combined-print-and-e-book-nonfiction,1
6,9780062355928,0,1,2015-03-14,combined-print-and-e-book-nonfiction,6
7,9780805095159,5,23,2015-03-14,combined-print-and-e-book-nonfiction,2
8,9780399174063,0,1,2015-03-14,combined-print-and-e-book-nonfiction,8
9,9780805096682,7,25,2015-03-14,combined-print-and-e-book-nonfiction,2
10,9780698158450,0,1,2015-03-14,combined-print-and-e-book-nonfiction,10
11,9780062268341,8,20,2015-03-14,combined-print-and-e-book-nonfiction,3
12,9780802123411,6,2,2015-03-14,combined-print-and-e-book-nonfiction,6
13,9781476769899,0,1,2015-03-14,combined-print-and-e-book-nonfiction,13
14,9780061959165,0,1,2015-03-14,combined-print-and-e-book-nonfiction,14
15,9781400076314,0,6,2015-03-14,combined-print-and-e-book-nonfiction,15
16,9781455527090,0,0,2015-03-14,combined-print-and-e-book-nonfiction,16
17,9780553380163,0,0,2015-03-14,combined-print-and-e-book-nonfiction,17
18,9780062074959,0,0,2015-03-14,combined-print-and-e-book-nonfiction,18
19,9781612308340,0,0,2015-03-14,combined-print-and-e-book-nonfiction,19
20,9780307589385,0,0,2015-03-14,combined-print-and-e-book-nonfiction,20
1,9780307408860,1,2,2015-03-21,combined-print-and-e-book-nonfiction,0
2,9780062376336,2,57,2015-03-21,combined-print-and-e-book-nonfiction,0
3,9780984504176,0,2,2015-03-21,combined-print-and-e-book-nonfiction,3
4,9781101622742,3,44,2015-03-21,combined-print-and-e-book-nonfiction,1
5,9780307957658,4,105,2015-03-21,combined-print-and-e-book-nonfiction,1
6,9780679603757,5,197,2015-03-21,combined-print-and-e-book-nonfiction,1
7,9780805095159,7,24,2015-03-21,combined-print-and-e-book-nonfiction,0
8,9780802123411,12,3,2015-03-21,combined-print-and-e-book-nonfiction,-4
9,9780804140867,0,9,2015-03-21,combined-print-and-e-book-nonfiction,9
10,9780062268341,11,21,2015-03-21,combined-print-and-e-book-nonfiction,-1
11,9780805096682,9,26,2015-03-21,combined-print-and-e-book-nonfiction,2
12,9780698158450,10,2,2015-03-21,combined-print-and-e-book-nonfiction,2
13,9780399174063,8,2,2015-03-21,combined-print-and-e-book-nonfiction,5
14,9780307452436,0,1,2015-03-21,combined-print-and-e-book-nonfiction,14
15,9781418525651,0,1,2015-03-21,combined-print-and-e-book-nonfiction,15
16,9780062265432,0,0,2015-03-21,combined-print-and-e-book-nonfiction,16
17,9780544272996,0,0,2015-03-21,combined-print-and-e-book-nonfiction,17
18,9781400076314,0,0,2015-03-21,combined-print-and-e-book-nonfiction,18
19,9780553380163,0,0,2015-03-21,combined-print-and-e-book-nonfiction,19
20,9780767922951,0,0,2015-03-21,combined-print-and-e-book-nonfiction,20
1,9780385347419,0,1,2015-03-28,combined-print-and-e-book-nonfiction,1
2,9780307408860,1,3,2015-03-28,combined-print-and-e-book-nonfiction,1
3,9780062376336,2,58,2015-03-28,combined-print-and-e-book-nonfiction,1
4,9781101622742,4,45,2015-03-28,combined-print-and-e-book-nonfiction,0
5,9780679603757,6,198,2015-03-28,combined-print-and-e-book-nonfiction,-1
6,9780307957658,5,106,2015-03-28,combined-print-and-e-book-nonfiction,1
7,9780062218360,0,9,2015-03-28,combined-print-and-e-book-nonfiction,7
8,9780802198754,0,1,2015-03-28,combined-print-and-e-book-nonfiction,8
9,9780805095159,7,25,2015-03-28,combined-print-and-e-book-nonfiction,2
10,9780984504176,3,3,2015-03-28,combined-print-and-e-book-nonfiction,7
11,9780802123411,8,4,2015-03-28,combined-print-and-e-book-nonfiction,3
12,9780805096682,11,27,2015-03-28,combined-print-and-e-book-nonfiction,1
13,9780062333933,0,1,2015-03-28,combined-print-and-e-book-nonfiction,13
14,9780062268341,10,22,2015-03-28,combined-print-and-e-book-nonfiction,4
15,9780062008565,0,1,2015-03-28,combined-print-and-e-book-nonfiction,15
16,9781455532704,0,0,2015-03-28,combined-print-and-e-book-nonfiction,16
17,9780805098549,0,0,2015-03-28,combined-print-and-e-book-nonfiction,17
18,9780698158450,0,0,2015-03-28,combined-print-and-e-book-nonfiction,18
19,9780399174063,0,0,2015-03-28,combined-print-and-e-book-nonfiction,19
20,9781476785073,0,0,2015-03-28,combined-print-and-e-book-nonfiction,20
1,9780307408860,2,4,2015-04-04,combined-print-and-e-book-nonfiction,-1
2,9780062376336,3,59,2015-04-04,combined-print-and-e-book-nonfiction,-1
3,9780143125471,4,46,2015-04-04,combined-print-and-e-book-nonfiction,-1
4,9780307957658,6,107,2015-04-04,combined-print-and-e-book-nonfiction,-2
5,9780679603757,5,199,2015-04-04,combined-print-and-e-book-nonfiction,0
6,9780805095159,9,26,2015-04-04,combined-print-and-e-book-nonfiction,-3
7,9780385347402,1,2,2015-04-04,combined-print-and-e-book-nonfiction,6
8,9780385350273,0,6,2015-04-04,combined-print-and-e-book-nonfiction,8
9,9780062218360,7,10,2015-04-04,combined-print-and-e-book-nonfiction,2
10,9780767917452,0,1,2015-04-04,combined-print-and-e-book-nonfiction,10
11,9780805096682,12,28,2015-04-04,combined-print-and-e-book-nonfiction,-1
12,9780698172524,0,1,2015-04-04,combined-print-and-e-book-nonfiction,12
13,9780802123411,11,5,2015-04-04,combined-print-and-e-book-nonfiction,2
14,9780062268341,14,23,2015-04-04,combined-print-and-e-book-nonfiction,0
15,9781439170915,0,3,2015-04-04,combined-print-and-e-book-nonfiction,15
16,9780062217226,0,0,2015-04-04,combined-print-and-e-book-nonfiction,16
17,9780805098556,0,0,2015-04-04,combined-print-and-e-book-nonfiction,17
18,9781250061133,0,0,2015-04-04,combined-print-and-e-book-nonfiction,18
19,9780393240184,0,0,2015-04-04,combined-print-and-e-book-nonfiction,19
20,9780393247688,0,0,2015-04-04,combined-print-and-e-book-nonfiction,20
1,9780062305213,0,1,2015-04-11,combined-print-and-e-book-nonfiction,1
2,9780307408860,1,5,2015-04-11,combined-print-and-e-book-nonfiction,1
3,9781627795074,0,1,2015-04-11,combined-print-and-e-book-nonfiction,3
4,9780143125471,3,47,2015-04-11,combined-print-and-e-book-nonfiction,1
5,9780062376336,2,60,2015-04-11,combined-print-and-e-book-nonfiction,3
6,9780307957658,4,108,2015-04-11,combined-print-and-e-book-nonfiction,2
7,9781476746104,0,1,2015-04-11,combined-print-and-e-book-nonfiction,7
8,9780062248497,0,4,2015-04-11,combined-print-and-e-book-nonfiction,8
9,9780679603757,5,200,2015-04-11,combined-print-and-e-book-nonfiction,4
10,9780805095159,6,27,2015-04-11,combined-print-and-e-book-nonfiction,4
11,9780316204378,0,30,2015-04-11,combined-print-and-e-book-nonfiction,11
12,9780307405722,0,2,2015-04-11,combined-print-and-e-book-nonfiction,12
13,9781476730752,0,1,2015-04-11,combined-print-and-e-book-nonfiction,13
14,9780393240184,0,1,2015-04-11,combined-print-and-e-book-nonfiction,14
15,9780553446678,0,1,2015-04-11,combined-print-and-e-book-nonfiction,15
16,9781501104831,0,0,2015-04-11,combined-print-and-e-book-nonfiction,16
17,9780385347402,0,0,2015-04-11,combined-print-and-e-book-nonfiction,17
18,9780062268341,0,0,2015-04-11,combined-print-and-e-book-nonfiction,18
19,9780698180741,0,0,2015-04-11,combined-print-and-e-book-nonfiction,19
20,9780802123411,0,0,2015-04-11,combined-print-and-e-book-nonfiction,20
1,9780812993257,0,1,2015-04-18,combined-print-and-e-book-nonfiction,1
2,9781627795074,3,2,2015-04-18,combined-print-and-e-book-nonfiction,-1
3,9780307408860,2,6,2015-04-18,combined-print-and-e-book-nonfiction,1
4,9780143125471,4,48,2015-04-18,combined-print-and-e-book-nonfiction,0
5,9780062305190,1,2,2015-04-18,combined-print-and-e-book-nonfiction,4
6,9781455504213,0,1,2015-04-18,combined-print-and-e-book-nonfiction,6
7,9780062376336,5,61,2015-04-18,combined-print-and-e-book-nonfiction,2
8,9780805095159,10,28,2015-04-18,combined-print-and-e-book-nonfiction,-2
9,9780812974492,9,201,2015-04-18,combined-print-and-e-book-nonfiction,0
10,9780307957658,6,109,2015-04-18,combined-print-and-e-book-nonfiction,4
11,9780316204378,11,31,2015-04-18,combined-print-and-e-book-nonfiction,0
12,9781476730752,13,2,2015-04-18,combined-print-and-e-book-nonfiction,-1
13,9780393240184,14,2,2015-04-18,combined-print-and-e-book-nonfiction,-1
14,9780062002761,0,1,2015-04-18,combined-print-and-e-book-nonfiction,14
15,9780684808277,7,2,2015-04-18,combined-print-and-e-book-nonfiction,8
16,9780802123411,0,0,2015-04-18,combined-print-and-e-book-nonfiction,16
17,9780316334310,0,0,2015-04-18,combined-print-and-e-book-nonfiction,17
18,9780061980565,0,0,2015-04-18,combined-print-and-e-book-nonfiction,18
19,9780062268341,0,0,2015-04-18,combined-print-and-e-book-nonfiction,19
20,9780307594969,0,0,2015-04-18,combined-print-and-e-book-nonfiction,20
1,9781455584901,0,1,2015-04-25,combined-print-and-e-book-nonfiction,1
2,9780812993257,1,2,2015-04-25,combined-print-and-e-book-nonfiction,1
3,9780385538749,0,1,2015-04-25,combined-print-and-e-book-nonfiction,3
4,9781627795074,2,3,2015-04-25,combined-print-and-e-book-nonfiction,2
5,9780307408860,3,7,2015-04-25,combined-print-and-e-book-nonfiction,2
6,9780143125471,4,49,2015-04-25,combined-print-and-e-book-nonfiction,2
7,9780062305190,5,3,2015-04-25,combined-print-and-e-book-nonfiction,2
8,9780062376336,7,62,2015-04-25,combined-print-and-e-book-nonfiction,1
9,9780805095159,8,29,2015-04-25,combined-print-and-e-book-nonfiction,1
10,9780307957658,10,110,2015-04-25,combined-print-and-e-book-nonfiction,0
11,9780679603757,9,202,2015-04-25,combined-print-and-e-book-nonfiction,2
12,9781602862579,0,6,2015-04-25,combined-print-and-e-book-nonfiction,12
13,9781455504213,6,2,2015-04-25,combined-print-and-e-book-nonfiction,7
14,9781476730752,12,3,2015-04-25,combined-print-and-e-book-nonfiction,2
15,9780393240184,13,3,2015-04-25,combined-print-and-e-book-nonfiction,2
16,9780316204378,0,0,2015-04-25,combined-print-and-e-book-nonfiction,16
17,9780984932634,0,0,2015-04-25,combined-print-and-e-book-nonfiction,17
18,9780802123411,0,0,2015-04-25,combined-print-and-e-book-nonfiction,18
19,9780062333834,0,0,2015-04-25,combined-print-and-e-book-nonfiction,19
20,9780684808277,0,0,2015-04-25,combined-print-and-e-book-nonfiction,20
1,9780698178953,0,1,2015-05-02,combined-print-and-e-book-nonfiction,1
2,9781455584901,1,2,2015-05-02,combined-print-and-e-book-nonfiction,1
3,9780812993257,2,3,2015-05-02,combined-print-and-e-book-nonfiction,1
4,9780143125471,6,50,2015-05-02,combined-print-and-e-book-nonfiction,-2
5,9780307408860,5,8,2015-05-02,combined-print-and-e-book-nonfiction,0
6,9781627795074,4,4,2015-05-02,combined-print-and-e-book-nonfiction,2
7,9780385538732,3,2,2015-05-02,combined-print-and-e-book-nonfiction,4
8,9781602862579,12,7,2015-05-02,combined-print-and-e-book-nonfiction,-4
9,9780062305190,7,4,2015-05-02,combined-print-and-e-book-nonfiction,2
10,9780062376336,8,63,2015-05-02,combined-print-and-e-book-nonfiction,2
11,9780385352543,0,1,2015-05-02,combined-print-and-e-book-nonfiction,11
12,9780805095159,9,30,2015-05-02,combined-print-and-e-book-nonfiction,3
13,9780679603757,11,203,2015-05-02,combined-print-and-e-book-nonfiction,2
14,9780307957658,10,111,2015-05-02,combined-print-and-e-book-nonfiction,4
15,9780316204378,16,32,2015-05-02,combined-print-and-e-book-nonfiction,-1
16,9780984504176,0,0,2015-05-02,combined-print-and-e-book-nonfiction,16
17,9780684808277,0,0,2015-05-02,combined-print-and-e-book-nonfiction,17
18,9780307496294,0,0,2015-05-02,combined-print-and-e-book-nonfiction,18
19,9781455504213,0,0,2015-05-02,combined-print-and-e-book-nonfiction,19
20,9781476730752,0,0,2015-05-02,combined-print-and-e-book-nonfiction,20
1,9781476728742,0,1,2015-05-09,combined-print-and-e-book-nonfiction,1
2,9780062369284,0,1,2015-05-09,combined-print-and-e-book-nonfiction,2
3,9780525427650,1,2,2015-05-09,combined-print-and-e-book-nonfiction,2
4,9781101903827,0,1,2015-05-09,combined-print-and-e-book-nonfiction,4
5,9780316403559,0,1,2015-05-09,combined-print-and-e-book-nonfiction,5
6,9781455584901,2,3,2015-05-09,combined-print-and-e-book-nonfiction,4
7,9780062398086,0,1,2015-05-09,combined-print-and-e-book-nonfiction,7
8,9780812993257,3,4,2015-05-09,combined-print-and-e-book-nonfiction,5
9,9780143125471,4,51,2015-05-09,combined-print-and-e-book-nonfiction,5
10,9780307408860,5,9,2015-05-09,combined-print-and-e-book-nonfiction,5
11,9781627795074,6,5,2015-05-09,combined-print-and-e-book-nonfiction,5
12,9780062376336,10,64,2015-05-09,combined-print-and-e-book-nonfiction,2
13,9781602862579,8,8,2015-05-09,combined-print-and-e-book-nonfiction,5
14,9780385538732,7,3,2015-05-09,combined-print-and-e-book-nonfiction,7
15,9781250033796,0,1,2015-05-09,combined-print-and-e-book-nonfiction,15
16,9780805095159,0,0,2015-05-09,combined-print-and-e-book-nonfiction,16
17,9780062305190,0,0,2015-05-09,combined-print-and-e-book-nonfiction,17
18,9780307957658,0,0,2015-05-09,combined-print-and-e-book-nonfiction,18
19,9780062385321,0,0,2015-05-09,combined-print-and-e-book-nonfiction,19
20,9780984504176,0,0,2015-05-09,combined-print-and-e-book-nonfiction,20
1,9781476728742,1,2,2015-05-16,combined-print-and-e-book-nonfiction,0
2,9781455584901,6,4,2015-05-16,combined-print-and-e-book-nonfiction,-4
3,9781400069699,0,1,2015-05-16,combined-print-and-e-book-nonfiction,3
4,9780143125471,9,52,2015-05-16,combined-print-and-e-book-nonfiction,-5
5,9780062369284,2,2,2015-05-16,combined-print-and-e-book-nonfiction,3
6,9780307408860,10,10,2015-05-16,combined-print-and-e-book-nonfiction,-4
7,9780812993257,8,5,2015-05-16,combined-print-and-e-book-nonfiction,-1
8,9781101903827,4,2,2015-05-16,combined-print-and-e-book-nonfiction,4
9,9780525427650,3,3,2015-05-16,combined-print-and-e-book-nonfiction,6
10,9781627795074,11,6,2015-05-16,combined-print-and-e-book-nonfiction,-1
11,9780316403559,5,2,2015-05-16,combined-print-and-e-book-nonfiction,6
12,9780062376336,12,65,2015-05-16,combined-print-and-e-book-nonfiction,0
13,9780062398086,7,2,2015-05-16,combined-print-and-e-book-nonfiction,6
14,9780805095159,0,31,2015-05-16,combined-print-and-e-book-nonfiction,14
15,9780385353403,0,1,2015-05-16,combined-print-and-e-book-nonfiction,15
16,9781455585663,0,0,2015-05-16,combined-print-and-e-book-nonfiction,16
17,9780385538732,0,0,2015-05-16,combined-print-and-e-book-nonfiction,17
18,9780316247764,0,0,2015-05-16,combined-print-and-e-book-nonfiction,18
19,9780307957658,0,0,2015-05-16,combined-print-and-e-book-nonfiction,19
20,9780385344975,0,0,2015-05-16,combined-print-and-e-book-nonfiction,20
1,9781476728742,1,3,2015-05-23,combined-print-and-e-book-nonfiction,0
2,9780062301239,0,1,2015-05-23,combined-print-and-e-book-nonfiction,2
3,9780143125471,4,53,2015-05-23,combined-print-and-e-book-nonfiction,-1
4,9780812993257,7,6,2015-05-23,combined-print-and-e-book-nonfiction,-3
5,9781455584901,2,5,2015-05-23,combined-print-and-e-book-nonfiction,3
6,9780553446753,6,11,2015-05-23,combined-print-and-e-book-nonfiction,0
7,9780062376336,12,66,2015-05-23,combined-print-and-e-book-nonfiction,-5
8,9781627795074,10,7,2015-05-23,combined-print-and-e-book-nonfiction,-2
9,9780805095159,14,32,2015-05-23,combined-print-and-e-book-nonfiction,-5
10,9780062369284,5,3,2015-05-23,combined-print-and-e-book-nonfiction,5
11,9780307957658,0,112,2015-05-23,combined-print-and-e-book-nonfiction,11
12,9781400069699,3,2,2015-05-23,combined-print-and-e-book-nonfiction,9
13,9781101903827,8,3,2015-05-23,combined-print-and-e-book-nonfiction,5
14,9780316403559,11,3,2015-05-23,combined-print-and-e-book-nonfiction,3
15,9780525427650,9,4,2015-05-23,combined-print-and-e-book-nonfiction,6
16,9780062398086,0,0,2015-05-23,combined-print-and-e-book-nonfiction,16
17,9780679603757,0,0,2015-05-23,combined-print-and-e-book-nonfiction,17
18,9780385538732,0,0,2015-05-23,combined-print-and-e-book-nonfiction,18
19,9780385349192,0,0,2015-05-23,combined-print-and-e-book-nonfiction,19
20,9780385352543,0,0,2015-05-23,combined-print-and-e-book-nonfiction,20
1,9781476728742,1,4,2015-05-30,combined-print-and-e-book-nonfiction,0
2,9780143125471,3,54,2015-05-30,combined-print-and-e-book-nonfiction,-1
3,9780062376336,7,67,2015-05-30,combined-print-and-e-book-nonfiction,-4
4,9780812993257,4,7,2015-05-30,combined-print-and-e-book-nonfiction,0
5,9781455584901,5,6,2015-05-30,combined-print-and-e-book-nonfiction,0
6,9780307408860,6,12,2015-05-30,combined-print-and-e-book-nonfiction,0
7,9780805095159,9,33,2015-05-30,combined-print-and-e-book-nonfiction,-2
8,9781250065810,0,1,2015-05-30,combined-print-and-e-book-nonfiction,8
9,9780307957658,11,113,2015-05-30,combined-print-and-e-book-nonfiction,-2
10,9781627795074,8,8,2015-05-30,combined-print-and-e-book-nonfiction,2
11,9780316403559,14,4,2015-05-30,combined-print-and-e-book-nonfiction,-3
12,9780062398086,0,3,2015-05-30,combined-print-and-e-book-nonfiction,12
13,9780525954675,0,1,2015-05-30,combined-print-and-e-book-nonfiction,13
14,9780062301239,2,2,2015-05-30,combined-print-and-e-book-nonfiction,12
15,9781476794709,0,1,2015-05-30,combined-print-and-e-book-nonfiction,15
16,9780679603757,0,0,2015-05-30,combined-print-and-e-book-nonfiction,16
17,9780525427650,0,0,2015-05-30,combined-print-and-e-book-nonfiction,17
18,9780385538732,0,0,2015-05-30,combined-print-and-e-book-nonfiction,18
19,9781400069699,0,0,2015-05-30,combined-print-and-e-book-nonfiction,19
20,9781101903827,0,0,2015-05-30,combined-print-and-e-book-nonfiction,20
1,9781476728742,1,5,2015-06-06,combined-print-and-e-book-nonfiction,0
2,9781476762722,0,1,2015-06-06,combined-print-and-e-book-nonfiction,2
3,9781621572671,0,1,2015-06-06,combined-print-and-e-book-nonfiction,3
4,9780143125471,2,55,2015-06-06,combined-print-and-e-book-nonfiction,2
5,9780812993257,4,8,2015-06-06,combined-print-and-e-book-nonfiction,1
6,9780307408860,6,13,2015-06-06,combined-print-and-e-book-nonfiction,0
7,9780062376336,3,68,2015-06-06,combined-print-and-e-book-nonfiction,4
8,9781455584901,5,7,2015-06-06,combined-print-and-e-book-nonfiction,3
9,9780316322423,0,16,2015-06-06,combined-print-and-e-book-nonfiction,9
10,9780805095159,7,34,2015-06-06,combined-print-and-e-book-nonfiction,3
11,9780307476074,9,114,2015-06-06,combined-print-and-e-book-nonfiction,2
12,9780316403559,11,5,2015-06-06,combined-print-and-e-book-nonfiction,1
13,9780812974492,0,204,2015-06-06,combined-print-and-e-book-nonfiction,13
14,9780062301239,14,3,2015-06-06,combined-print-and-e-book-nonfiction,0
15,9781627795074,10,9,2015-06-06,combined-print-and-e-book-nonfiction,5
16,9780316017930,0,0,2015-06-06,combined-print-and-e-book-nonfiction,16
17,9780062398086,0,0,2015-06-06,combined-print-and-e-book-nonfiction,17
18,9780385353403,0,0,2015-06-06,combined-print-and-e-book-nonfiction,18
19,9780062369284,0,0,2015-06-06,combined-print-and-e-book-nonfiction,19
20,9780525954675,0,0,2015-06-06,combined-print-and-e-book-nonfiction,20
1,9781476728742,1,6,2015-06-13,combined-print-and-e-book-nonfiction,0
2,9780143125471,4,56,2015-06-13,combined-print-and-e-book-nonfiction,-2
3,9781476762623,2,2,2015-06-13,combined-print-and-e-book-nonfiction,1
4,9780307408860,6,14,2015-06-13,combined-print-and-e-book-nonfiction,-2
5,9780812993257,5,9,2015-06-13,combined-print-and-e-book-nonfiction,0
6,9781621572671,3,2,2015-06-13,combined-print-and-e-book-nonfiction,3
7,9780316322423,9,17,2015-06-13,combined-print-and-e-book-nonfiction,-2
8,9780062238511,0,1,2015-06-13,combined-print-and-e-book-nonfiction,8
9,9781627795074,15,10,2015-06-13,combined-print-and-e-book-nonfiction,-6
10,9780062376336,7,69,2015-06-13,combined-print-and-e-book-nonfiction,3
11,9780805095159,10,35,2015-06-13,combined-print-and-e-book-nonfiction,1
12,9781101910085,0,2,2015-06-13,combined-print-and-e-book-nonfiction,12
13,9781455584901,8,8,2015-06-13,combined-print-and-e-book-nonfiction,5
14,9780307957658,11,115,2015-06-13,combined-print-and-e-book-nonfiction,3
15,9780812974492,13,205,2015-06-13,combined-print-and-e-book-nonfiction,2
16,9780316017930,0,0,2015-06-13,combined-print-and-e-book-nonfiction,16
17,9780062301239,0,0,2015-06-13,combined-print-and-e-book-nonfiction,17
18,9780316403559,0,0,2015-06-13,combined-print-and-e-book-nonfiction,18
19,9780525954675,0,0,2015-06-13,combined-print-and-e-book-nonfiction,19
20,9780385353403,0,0,2015-06-13,combined-print-and-e-book-nonfiction,20
1,9781476728742,1,7,2015-06-20,combined-print-and-e-book-nonfiction,0
2,9781594206276,0,1,2015-06-20,combined-print-and-e-book-nonfiction,2
3,9780143125471,2,57,2015-06-20,combined-print-and-e-book-nonfiction,1
4,9780307408860,4,15,2015-06-20,combined-print-and-e-book-nonfiction,0
5,9781627795074,9,11,2015-06-20,combined-print-and-e-book-nonfiction,-4
6,9780812997576,0,1,2015-06-20,combined-print-and-e-book-nonfiction,6
7,9780062417442,0,1,2015-06-20,combined-print-and-e-book-nonfiction,7
8,9780316403559,0,6,2015-06-20,combined-print-and-e-book-nonfiction,8
9,9780812993257,5,10,2015-06-20,combined-print-and-e-book-nonfiction,4
10,9780316322423,7,18,2015-06-20,combined-print-and-e-book-nonfiction,3
11,9780805095159,11,36,2015-06-20,combined-print-and-e-book-nonfiction,0
12,9780812974492,15,206,2015-06-20,combined-print-and-e-book-nonfiction,-3
13,9781476762623,3,3,2015-06-20,combined-print-and-e-book-nonfiction,10
14,9780385523394,0,39,2015-06-20,combined-print-and-e-book-nonfiction,14
15,9780062238863,10,70,2015-06-20,combined-print-and-e-book-nonfiction,5
16,9780307476074,0,0,2015-06-20,combined-print-and-e-book-nonfiction,16
17,9781400063369,0,0,2015-06-20,combined-print-and-e-book-nonfiction,17
18,9781621572671,0,0,2015-06-20,combined-print-and-e-book-nonfiction,18
19,9781627790833,0,0,2015-06-20,combined-print-and-e-book-nonfiction,19
20,9780316017930,0,0,2015-06-20,combined-print-and-e-book-nonfiction,20
1,9780062372123,0,1,2015-06-27,combined-print-and-e-book-nonfiction,1
2,9781476728742,1,8,2015-06-27,combined-print-and-e-book-nonfiction,1
3,9780143125471,3,58,2015-06-27,combined-print-and-e-book-nonfiction,0
4,9781594206276,2,2,2015-06-27,combined-print-and-e-book-nonfiction,2
5,9780307408860,4,16,2015-06-27,combined-print-and-e-book-nonfiction,1
6,9780316322423,10,19,2015-06-27,combined-print-and-e-book-nonfiction,-4
7,9780812997576,6,2,2015-06-27,combined-print-and-e-book-nonfiction,1
8,9780385523394,14,40,2015-06-27,combined-print-and-e-book-nonfiction,-6
9,9780812993257,9,11,2015-06-27,combined-print-and-e-book-nonfiction,0
10,9780805095159,11,37,2015-06-27,combined-print-and-e-book-nonfiction,-1
11,9781476794716,0,2,2015-06-27,combined-print-and-e-book-nonfiction,11
12,9780062328069,0,2,2015-06-27,combined-print-and-e-book-nonfiction,12
13,9780062376336,15,71,2015-06-27,combined-print-and-e-book-nonfiction,-2
14,9781476762623,13,4,2015-06-27,combined-print-and-e-book-nonfiction,1
15,9781455554577,0,1,2015-06-27,combined-print-and-e-book-nonfiction,15
16,9780812974492,0,0,2015-06-27,combined-print-and-e-book-nonfiction,16
17,9781627795074,0,0,2015-06-27,combined-print-and-e-book-nonfiction,17
18,9780307957658,0,0,2015-06-27,combined-print-and-e-book-nonfiction,18
19,9780316017930,0,0,2015-06-27,combined-print-and-e-book-nonfiction,19
20,9780062190048,0,0,2015-06-27,combined-print-and-e-book-nonfiction,20
1,9780062372123,1,2,2015-07-04,combined-print-and-e-book-nonfiction,0
2,9781476728742,2,9,2015-07-04,combined-print-and-e-book-nonfiction,0
3,9780143125471,3,59,2015-07-04,combined-print-and-e-book-nonfiction,0
4,9781594206276,4,3,2015-07-04,combined-print-and-e-book-nonfiction,0
5,9780307408860,5,17,2015-07-04,combined-print-and-e-book-nonfiction,0
6,9780316322423,6,20,2015-07-04,combined-print-and-e-book-nonfiction,0
7,9780385523394,8,41,2015-07-04,combined-print-and-e-book-nonfiction,-1
8,9780805095159,10,38,2015-07-04,combined-print-and-e-book-nonfiction,-2
9,9780812997576,7,3,2015-07-04,combined-print-and-e-book-nonfiction,2
10,9780062376336,13,72,2015-07-04,combined-print-and-e-book-nonfiction,-3
11,9780385353403,0,2,2015-07-04,combined-print-and-e-book-nonfiction,11
12,9780812996418,0,1,2015-07-04,combined-print-and-e-book-nonfiction,12
13,9780307957658,0,116,2015-07-04,combined-print-and-e-book-nonfiction,13
14,9781592985753,0,1,2015-07-04,combined-print-and-e-book-nonfiction,14
15,9780307462534,0,1,2015-07-04,combined-print-and-e-book-nonfiction,15
16,9781451659160,0,0,2015-07-04,combined-print-and-e-book-nonfiction,16
17,9780812974492,0,0,2015-07-04,combined-print-and-e-book-nonfiction,17
18,9781476762623,0,0,2015-07-04,combined-print-and-e-book-nonfiction,18
19,9780316017930,0,0,2015-07-04,combined-print-and-e-book-nonfiction,19
20,9780812993257,0,0,2015-07-04,combined-print-and-e-book-nonfiction,20
1,9780062372123,1,3,2015-07-11,combined-print-and-e-book-nonfiction,0
2,9780143125471,3,60,2015-07-11,combined-print-and-e-book-nonfiction,-1
3,9781594206276,4,4,2015-07-11,combined-print-and-e-book-nonfiction,-1
4,9781476728742,2,10,2015-07-11,combined-print-and-e-book-nonfiction,2
5,9780307408860,5,18,2015-07-11,combined-print-and-e-book-nonfiction,0
6,9780316322423,6,21,2015-07-11,combined-print-and-e-book-nonfiction,0
7,9780062092915,0,1,2015-07-11,combined-print-and-e-book-nonfiction,7
8,9781501115639,0,1,2015-07-11,combined-print-and-e-book-nonfiction,8
9,9780316017930,0,47,2015-07-11,combined-print-and-e-book-nonfiction,9
10,9780385537612,0,1,2015-07-11,combined-print-and-e-book-nonfiction,10
11,9781588369895,0,1,2015-07-11,combined-print-and-e-book-nonfiction,11
12,9781451659160,0,1,2015-07-11,combined-print-and-e-book-nonfiction,12
13,9780062365613,0,1,2015-07-11,combined-print-and-e-book-nonfiction,13
14,9780061867460,0,1,2015-07-11,combined-print-and-e-book-nonfiction,14
15,9780375725609,0,7,2015-07-11,combined-print-and-e-book-nonfiction,15
16,9780805095159,0,0,2015-07-11,combined-print-and-e-book-nonfiction,16
17,9781621572671,0,0,2015-07-11,combined-print-and-e-book-nonfiction,17
18,9780307957658,0,0,2015-07-11,combined-print-and-e-book-nonfiction,18
19,9780812974492,0,0,2015-07-11,combined-print-and-e-book-nonfiction,19
20,9780743247542,0,0,2015-07-11,combined-print-and-e-book-nonfiction,20
1,9780812993547,0,1,2015-07-18,combined-print-and-e-book-nonfiction,1
2,9780143125471,2,61,2015-07-18,combined-print-and-e-book-nonfiction,0
3,9780062372109,1,4,2015-07-18,combined-print-and-e-book-nonfiction,2
4,9781594206276,3,5,2015-07-18,combined-print-and-e-book-nonfiction,1
5,9781476728742,4,11,2015-07-18,combined-print-and-e-book-nonfiction,1
6,9780307408860,5,19,2015-07-18,combined-print-and-e-book-nonfiction,1
7,9780316322423,6,22,2015-07-18,combined-print-and-e-book-nonfiction,1
8,9780805095159,0,39,2015-07-18,combined-print-and-e-book-nonfiction,8
9,9780062365613,13,2,2015-07-18,combined-print-and-e-book-nonfiction,-4
10,9780812997576,0,4,2015-07-18,combined-print-and-e-book-nonfiction,10
11,9780062319753,0,1,2015-07-18,combined-print-and-e-book-nonfiction,11
12,9781451659160,12,2,2015-07-18,combined-print-and-e-book-nonfiction,0
13,9780812974492,0,207,2015-07-18,combined-print-and-e-book-nonfiction,13
14,9780316017930,9,48,2015-07-18,combined-print-and-e-book-nonfiction,5
15,9780307476074,0,117,2015-07-18,combined-print-and-e-book-nonfiction,15
16,9781501115639,0,0,2015-07-18,combined-print-and-e-book-nonfiction,16
17,9780385537605,0,0,2015-07-18,combined-print-and-e-book-nonfiction,17
18,9780812993257,0,0,2015-07-18,combined-print-and-e-book-nonfiction,18
19,9780743247542,0,0,2015-07-18,combined-print-and-e-book-nonfiction,19
20,9780061741210,0,0,2015-07-18,combined-print-and-e-book-nonfiction,20
1,9780812993547,1,2,2015-07-25,combined-print-and-e-book-nonfiction,0
2,9780143125471,2,62,2015-07-25,combined-print-and-e-book-nonfiction,0
3,9781594206276,4,6,2015-07-25,combined-print-and-e-book-nonfiction,-1
4,9781476728742,5,12,2015-07-25,combined-print-and-e-book-nonfiction,-1
5,9780062372109,3,5,2015-07-25,combined-print-and-e-book-nonfiction,2
6,9780307408860,6,20,2015-07-25,combined-print-and-e-book-nonfiction,0
7,9780812997576,10,5,2015-07-25,combined-print-and-e-book-nonfiction,-3
8,9780805095159,8,40,2015-07-25,combined-print-and-e-book-nonfiction,0
9,9781594203473,0,1,2015-07-25,combined-print-and-e-book-nonfiction,9
10,9780316322423,7,23,2015-07-25,combined-print-and-e-book-nonfiction,3
11,9781409070450,0,1,2015-07-25,combined-print-and-e-book-nonfiction,11
12,9781451659160,12,3,2015-07-25,combined-print-and-e-book-nonfiction,0
13,9781618688651,0,1,2015-07-25,combined-print-and-e-book-nonfiction,13
14,9780812974492,0,208,2015-07-25,combined-print-and-e-book-nonfiction,14
15,9780385537612,17,2,2015-07-25,combined-print-and-e-book-nonfiction,-2
16,9780062319753,0,0,2015-07-25,combined-print-and-e-book-nonfiction,16
17,9780316017930,0,0,2015-07-25,combined-print-and-e-book-nonfiction,17
18,9780307957658,0,0,2015-07-25,combined-print-and-e-book-nonfiction,18
19,9780743247542,0,0,2015-07-25,combined-print-and-e-book-nonfiction,19
20,9781501115639,0,0,2015-07-25,combined-print-and-e-book-nonfiction,20
1,9780812993547,1,3,2015-08-01,combined-print-and-e-book-nonfiction,0
2,9780143125471,2,63,2015-08-01,combined-print-and-e-book-nonfiction,0
3,9781476728742,4,13,2015-08-01,combined-print-and-e-book-nonfiction,-1
4,9781594206276,3,7,2015-08-01,combined-print-and-e-book-nonfiction,1
5,9780062372109,5,6,2015-08-01,combined-print-and-e-book-nonfiction,0
6,9780307408860,6,21,2015-08-01,combined-print-and-e-book-nonfiction,0
7,9780316322423,10,24,2015-08-01,combined-print-and-e-book-nonfiction,-3
8,9780805095159,8,41,2015-08-01,combined-print-and-e-book-nonfiction,0
9,9781501115639,0,2,2015-08-01,combined-print-and-e-book-nonfiction,9
10,9781451659160,12,4,2015-08-01,combined-print-and-e-book-nonfiction,-2
11,9781455554577,0,2,2015-08-01,combined-print-and-e-book-nonfiction,11
12,9780812974492,14,209,2015-08-01,combined-print-and-e-book-nonfiction,-2
13,9780061801235,0,1,2015-08-01,combined-print-and-e-book-nonfiction,13
14,9780316017930,0,49,2015-08-01,combined-print-and-e-book-nonfiction,14
15,9780307476074,0,118,2015-08-01,combined-print-and-e-book-nonfiction,15
16,9780385537605,0,0,2015-08-01,combined-print-and-e-book-nonfiction,16
17,9780812997576,0,0,2015-08-01,combined-print-and-e-book-nonfiction,17
18,9780743247542,0,0,2015-08-01,combined-print-and-e-book-nonfiction,18
19,9780062319753,0,0,2015-08-01,combined-print-and-e-book-nonfiction,19
20,9780062376336,0,0,2015-08-01,combined-print-and-e-book-nonfiction,20
1,9781451606300,0,1,2015-08-08,combined-print-and-e-book-nonfiction,1
2,9780812993547,1,4,2015-08-08,combined-print-and-e-book-nonfiction,1
3,9780143125471,2,64,2015-08-08,combined-print-and-e-book-nonfiction,1
4,9781476728742,3,14,2015-08-08,combined-print-and-e-book-nonfiction,1
5,9781594206276,4,8,2015-08-08,combined-print-and-e-book-nonfiction,1
6,9781941393260,0,1,2015-08-08,combined-print-and-e-book-nonfiction,6
7,9780307408860,6,22,2015-08-08,combined-print-and-e-book-nonfiction,1
8,9780062372109,5,7,2015-08-08,combined-print-and-e-book-nonfiction,3
9,9781493016716,0,1,2015-08-08,combined-print-and-e-book-nonfiction,9
10,9780316322423,7,25,2015-08-08,combined-print-and-e-book-nonfiction,3
11,9780805095159,8,42,2015-08-08,combined-print-and-e-book-nonfiction,3
12,9780316017930,14,50,2015-08-08,combined-print-and-e-book-nonfiction,-2
13,9780307476074,15,119,2015-08-08,combined-print-and-e-book-nonfiction,-2
14,9780812974492,12,210,2015-08-08,combined-print-and-e-book-nonfiction,2
15,9780307885937,0,1,2015-08-08,combined-print-and-e-book-nonfiction,15
16,9780743247542,0,0,2015-08-08,combined-print-and-e-book-nonfiction,16
17,9780374531263,0,0,2015-08-08,combined-print-and-e-book-nonfiction,17
18,9780385537612,0,0,2015-08-08,combined-print-and-e-book-nonfiction,18
19,9781455554591,0,0,2015-08-08,combined-print-and-e-book-nonfiction,19
20,9780375725609,0,0,2015-08-08,combined-print-and-e-book-nonfiction,20
1,9781451606300,1,2,2015-08-15,combined-print-and-e-book-nonfiction,0
2,9780812993547,2,5,2015-08-15,combined-print-and-e-book-nonfiction,0
3,9780143125471,3,65,2015-08-15,combined-print-and-e-book-nonfiction,0
4,9781400076314,0,8,2015-08-15,combined-print-and-e-book-nonfiction,4
5,9781476785653,0,1,2015-08-15,combined-print-and-e-book-nonfiction,5
6,9781594206276,5,9,2015-08-15,combined-print-and-e-book-nonfiction,1
7,9780553446753,7,23,2015-08-15,combined-print-and-e-book-nonfiction,0
8,9781476728742,4,15,2015-08-15,combined-print-and-e-book-nonfiction,4
9,9780805095159,11,43,2015-08-15,combined-print-and-e-book-nonfiction,-2
10,9780316322423,10,26,2015-08-15,combined-print-and-e-book-nonfiction,0
11,9780062372109,8,8,2015-08-15,combined-print-and-e-book-nonfiction,3
12,9780743247542,0,45,2015-08-15,combined-print-and-e-book-nonfiction,12
13,9780316017930,12,51,2015-08-15,combined-print-and-e-book-nonfiction,1
14,9780307957658,13,120,2015-08-15,combined-print-and-e-book-nonfiction,1
15,9780812974492,14,211,2015-08-15,combined-print-and-e-book-nonfiction,1
16,9780385537612,0,0,2015-08-15,combined-print-and-e-book-nonfiction,16
17,9781941393260,0,0,2015-08-15,combined-print-and-e-book-nonfiction,17
18,9780307717832,0,0,2015-08-15,combined-print-and-e-book-nonfiction,18
19,9781594203473,0,0,2015-08-15,combined-print-and-e-book-nonfiction,19
20,9780812997576,0,0,2015-08-15,combined-print-and-e-book-nonfiction,20
1,9781501126123,0,1,2015-08-22,combined-print-and-e-book-nonfiction,1
2,9781451606300,1,3,2015-08-22,combined-print-and-e-book-nonfiction,1
3,9780812993547,2,6,2015-08-22,combined-print-and-e-book-nonfiction,1
4,9780143125471,3,66,2015-08-22,combined-print-and-e-book-nonfiction,1
5,9780375725609,4,9,2015-08-22,combined-print-and-e-book-nonfiction,1
6,9780553446753,7,24,2015-08-22,combined-print-and-e-book-nonfiction,-1
7,9781476728742,8,16,2015-08-22,combined-print-and-e-book-nonfiction,-1
8,9781594206276,6,10,2015-08-22,combined-print-and-e-book-nonfiction,2
9,9780307717832,0,1,2015-08-22,combined-print-and-e-book-nonfiction,9
10,9780062218841,0,4,2015-08-22,combined-print-and-e-book-nonfiction,10
11,9780805095159,9,44,2015-08-22,combined-print-and-e-book-nonfiction,2
12,9780316322423,10,27,2015-08-22,combined-print-and-e-book-nonfiction,2
13,9780812984965,0,1,2015-08-22,combined-print-and-e-book-nonfiction,13
14,9780307423559,0,1,2015-08-22,combined-print-and-e-book-nonfiction,14
15,9781628720266,0,1,2015-08-22,combined-print-and-e-book-nonfiction,15
16,9780307407672,0,0,2015-08-22,combined-print-and-e-book-nonfiction,16
17,9781476785653,0,0,2015-08-22,combined-print-and-e-book-nonfiction,17
18,9780316017930,0,0,2015-08-22,combined-print-and-e-book-nonfiction,18
19,9780307957658,0,0,2015-08-22,combined-print-and-e-book-nonfiction,19
20,9780062372123,0,0,2015-08-22,combined-print-and-e-book-nonfiction,20
1,9781501126123,1,2,2015-08-29,combined-print-and-e-book-nonfiction,0
2,9781101622742,4,67,2015-08-29,combined-print-and-e-book-nonfiction,-2
3,9781451606300,2,4,2015-08-29,combined-print-and-e-book-nonfiction,1
4,9780812993547,3,7,2015-08-29,combined-print-and-e-book-nonfiction,1
5,9780698179967,8,11,2015-08-29,combined-print-and-e-book-nonfiction,-3
6,9780553446753,6,25,2015-08-29,combined-print-and-e-book-nonfiction,0
7,9781476728742,7,17,2015-08-29,combined-print-and-e-book-nonfiction,0
8,9780375725609,5,10,2015-08-29,combined-print-and-e-book-nonfiction,3
9,9780805095159,11,45,2015-08-29,combined-print-and-e-book-nonfiction,-2
10,9780307717832,9,2,2015-08-29,combined-print-and-e-book-nonfiction,1
11,9780316322423,12,28,2015-08-29,combined-print-and-e-book-nonfiction,-1
12,9780307957658,0,121,2015-08-29,combined-print-and-e-book-nonfiction,12
13,9780316017930,0,52,2015-08-29,combined-print-and-e-book-nonfiction,13
14,9780679603757,0,212,2015-08-29,combined-print-and-e-book-nonfiction,14
15,9780812984965,13,2,2015-08-29,combined-print-and-e-book-nonfiction,2
16,9780743247542,0,0,2015-08-29,combined-print-and-e-book-nonfiction,16
17,9780767929233,0,0,2015-08-29,combined-print-and-e-book-nonfiction,17
18,9781588369284,0,0,2015-08-29,combined-print-and-e-book-nonfiction,18
19,9780553380163,0,0,2015-08-29,combined-print-and-e-book-nonfiction,19
20,9781583334676,0,0,2015-08-29,combined-print-and-e-book-nonfiction,20
1,9780307717832,10,3,2015-09-05,combined-print-and-e-book-nonfiction,-9
2,9781501126123,1,3,2015-09-05,combined-print-and-e-book-nonfiction,1
3,9780143125471,2,68,2015-09-05,combined-print-and-e-book-nonfiction,1
4,9781501115417,0,1,2015-09-05,combined-print-and-e-book-nonfiction,4
5,9781451606300,3,5,2015-09-05,combined-print-and-e-book-nonfiction,2
6,9780812993547,4,8,2015-09-05,combined-print-and-e-book-nonfiction,2
7,9781250078971,0,1,2015-09-05,combined-print-and-e-book-nonfiction,7
8,9781476728742,7,18,2015-09-05,combined-print-and-e-book-nonfiction,1
9,9780805095159,9,46,2015-09-05,combined-print-and-e-book-nonfiction,0
10,9781594206276,5,12,2015-09-05,combined-print-and-e-book-nonfiction,5
11,9781628734959,0,1,2015-09-05,combined-print-and-e-book-nonfiction,11
12,9780375725609,8,11,2015-09-05,combined-print-and-e-book-nonfiction,4
13,9780062002945,0,13,2015-09-05,combined-print-and-e-book-nonfiction,13
14,9780553446753,6,26,2015-09-05,combined-print-and-e-book-nonfiction,8
15,9781466876224,0,1,2015-09-05,combined-print-and-e-book-nonfiction,15
16,9780316322423,0,0,2015-09-05,combined-print-and-e-book-nonfiction,16
17,9780385352543,0,0,2015-09-05,combined-print-and-e-book-nonfiction,17
18,9781497683853,0,0,2015-09-05,combined-print-and-e-book-nonfiction,18
19,9780316017930,0,0,2015-09-05,combined-print-and-e-book-nonfiction,19
20,9780062268358,0,0,2015-09-05,combined-print-and-e-book-nonfiction,20
1,9780307717832,1,4,2015-09-12,combined-print-and-e-book-nonfiction,0
2,9781501126123,2,4,2015-09-12,combined-print-and-e-book-nonfiction,0
3,9780143125471,3,69,2015-09-12,combined-print-and-e-book-nonfiction,0
4,9780812993547,6,9,2015-09-12,combined-print-and-e-book-nonfiction,-2
5,9781476728742,8,19,2015-09-12,combined-print-and-e-book-nonfiction,-3
6,9781451606300,5,6,2015-09-12,combined-print-and-e-book-nonfiction,1
7,9781501115417,4,2,2015-09-12,combined-print-and-e-book-nonfiction,3
8,9781594206276,10,13,2015-09-12,combined-print-and-e-book-nonfiction,-2
9,9780316322423,0,29,2015-09-12,combined-print-and-e-book-nonfiction,9
10,9780062213679,0,4,2015-09-12,combined-print-and-e-book-nonfiction,10
11,9780805095159,9,47,2015-09-12,combined-print-and-e-book-nonfiction,2
12,9780385540612,0,1,2015-09-12,combined-print-and-e-book-nonfiction,12
13,9780375725609,12,12,2015-09-12,combined-print-and-e-book-nonfiction,1
14,9781595231222,0,18,2015-09-12,combined-print-and-e-book-nonfiction,14
15,9780553446753,14,27,2015-09-12,combined-print-and-e-book-nonfiction,1
16,9781601427557,0,0,2015-09-12,combined-print-and-e-book-nonfiction,16
17,9780062268358,0,0,2015-09-12,combined-print-and-e-book-nonfiction,17
18,9780307476074,0,0,2015-09-12,combined-print-and-e-book-nonfiction,18
19,9780800726805,0,0,2015-09-12,combined-print-and-e-book-nonfiction,19
20,9780547840055,0,0,2015-09-12,combined-print-and-e-book-nonfiction,20
1,9780804138147,0,1,2015-09-19,combined-print-and-e-book-nonfiction,1
2,9780143125471,3,70,2015-09-19,combined-print-and-e-book-nonfiction,-1
3,9780062346216,0,1,2015-09-19,combined-print-and-e-book-nonfiction,3
4,9780812993547,4,10,2015-09-19,combined-print-and-e-book-nonfiction,0
5,9780307717832,1,5,2015-09-19,combined-print-and-e-book-nonfiction,4
6,9780062097767,0,1,2015-09-19,combined-print-and-e-book-nonfiction,6
7,9781476728742,5,20,2015-09-19,combined-print-and-e-book-nonfiction,2
8,9780805095159,11,48,2015-09-19,combined-print-and-e-book-nonfiction,-3
9,9780062223067,0,1,2015-09-19,combined-print-and-e-book-nonfiction,9
10,9780316322423,9,30,2015-09-19,combined-print-and-e-book-nonfiction,1
11,9781501126123,2,5,2015-09-19,combined-print-and-e-book-nonfiction,9
12,9781594206276,8,14,2015-09-19,combined-print-and-e-book-nonfiction,4
13,9781601427557,0,1,2015-09-19,combined-print-and-e-book-nonfiction,13
14,9781455533763,0,1,2015-09-19,combined-print-and-e-book-nonfiction,14
15,9781610395533,0,1,2015-09-19,combined-print-and-e-book-nonfiction,15
16,9781595231222,0,0,2015-09-19,combined-print-and-e-book-nonfiction,16
17,9781555846152,0,0,2015-09-19,combined-print-and-e-book-nonfiction,17
18,9780375725609,0,0,2015-09-19,combined-print-and-e-book-nonfiction,18
19,9780553446753,0,0,2015-09-19,combined-print-and-e-book-nonfiction,19
20,9781451606300,0,0,2015-09-19,combined-print-and-e-book-nonfiction,20
1,9781627792417,0,1,2015-09-26,combined-print-and-e-book-nonfiction,1
2,9780804138147,1,2,2015-09-26,combined-print-and-e-book-nonfiction,1
3,9781250077004,0,1,2015-09-26,combined-print-and-e-book-nonfiction,3
4,9780143125471,2,71,2015-09-26,combined-print-and-e-book-nonfiction,2
5,9780812993547,4,11,2015-09-26,combined-print-and-e-book-nonfiction,1
6,9780307717832,5,6,2015-09-26,combined-print-and-e-book-nonfiction,1
7,9781476728742,7,21,2015-09-26,combined-print-and-e-book-nonfiction,0
8,9780805095159,8,49,2015-09-26,combined-print-and-e-book-nonfiction,0
9,9781473837027,0,1,2015-09-26,combined-print-and-e-book-nonfiction,9
10,9781439114087,0,1,2015-09-26,combined-print-and-e-book-nonfiction,10
11,9780316322423,10,31,2015-09-26,combined-print-and-e-book-nonfiction,1
12,9781594206276,12,15,2015-09-26,combined-print-and-e-book-nonfiction,0
13,9781610395533,15,2,2015-09-26,combined-print-and-e-book-nonfiction,-2
14,9780062346223,3,2,2015-09-26,combined-print-and-e-book-nonfiction,11
15,9781501126123,11,6,2015-09-26,combined-print-and-e-book-nonfiction,4
16,9781451606300,0,0,2015-09-26,combined-print-and-e-book-nonfiction,16
17,9780553446753,0,0,2015-09-26,combined-print-and-e-book-nonfiction,17
18,9780375725609,0,0,2015-09-26,combined-print-and-e-book-nonfiction,18
19,9780061751943,0,0,2015-09-26,combined-print-and-e-book-nonfiction,19
20,9781601427557,0,0,2015-09-26,combined-print-and-e-book-nonfiction,20
1,9781627792417,1,2,2015-10-03,combined-print-and-e-book-nonfiction,0
2,9780804138147,2,3,2015-10-03,combined-print-and-e-book-nonfiction,0
3,9781250077004,3,2,2015-10-03,combined-print-and-e-book-nonfiction,0
4,9780143125471,4,72,2015-10-03,combined-print-and-e-book-nonfiction,0
5,9780812993547,5,12,2015-10-03,combined-print-and-e-book-nonfiction,0
6,9780440339144,0,1,2015-10-03,combined-print-and-e-book-nonfiction,6
7,9781476728742,7,22,2015-10-03,combined-print-and-e-book-nonfiction,0
8,9780805095159,8,50,2015-10-03,combined-print-and-e-book-nonfiction,0
9,9780316322423,11,32,2015-10-03,combined-print-and-e-book-nonfiction,-2
10,9781621574378,0,1,2015-10-03,combined-print-and-e-book-nonfiction,10
11,9780385350570,0,1,2015-10-03,combined-print-and-e-book-nonfiction,11
12,9780307717832,6,7,2015-10-03,combined-print-and-e-book-nonfiction,6
13,9780767932127,0,1,2015-10-03,combined-print-and-e-book-nonfiction,13
14,9780553392999,0,1,2015-10-03,combined-print-and-e-book-nonfiction,14
15,9781594206276,12,16,2015-10-03,combined-print-and-e-book-nonfiction,3
16,9780804136709,0,0,2015-10-03,combined-print-and-e-book-nonfiction,16
17,9781439114087,0,0,2015-10-03,combined-print-and-e-book-nonfiction,17
18,9780544323520,0,0,2015-10-03,combined-print-and-e-book-nonfiction,18
19,9780307408860,0,0,2015-10-03,combined-print-and-e-book-nonfiction,19
20,9781250083975,0,0,2015-10-03,combined-print-and-e-book-nonfiction,20
1,9781627792417,1,3,2015-10-10,combined-print-and-e-book-nonfiction,0
2,9781591848042,0,1,2015-10-10,combined-print-and-e-book-nonfiction,2
3,9780399173325,0,1,2015-10-10,combined-print-and-e-book-nonfiction,3
4,9781101875100,0,1,2015-10-10,combined-print-and-e-book-nonfiction,4
5,9780547617954,0,1,2015-10-10,combined-print-and-e-book-nonfiction,5
6,9780804138147,2,4,2015-10-10,combined-print-and-e-book-nonfiction,4
7,9780143125471,4,73,2015-10-10,combined-print-and-e-book-nonfiction,3
8,9780393247213,0,1,2015-10-10,combined-print-and-e-book-nonfiction,8
9,9781250077004,3,3,2015-10-10,combined-print-and-e-book-nonfiction,6
10,9780812993547,5,13,2015-10-10,combined-print-and-e-book-nonfiction,5
11,9780316322423,9,33,2015-10-10,combined-print-and-e-book-nonfiction,2
12,9780062265449,0,10,2015-10-10,combined-print-and-e-book-nonfiction,12
13,9781476728742,7,23,2015-10-10,combined-print-and-e-book-nonfiction,6
14,9780805095159,8,51,2015-10-10,combined-print-and-e-book-nonfiction,6
15,9780316244572,0,1,2015-10-10,combined-print-and-e-book-nonfiction,15
16,9781595231222,0,0,2015-10-10,combined-print-and-e-book-nonfiction,16
17,9781594206276,0,0,2015-10-10,combined-print-and-e-book-nonfiction,17
18,9780307717832,0,0,2015-10-10,combined-print-and-e-book-nonfiction,18
19,9780718042226,0,0,2015-10-10,combined-print-and-e-book-nonfiction,19
20,9780375725609,0,0,2015-10-10,combined-print-and-e-book-nonfiction,20
1,9781250058904,0,1,2015-10-17,combined-print-and-e-book-nonfiction,1
2,9781627792417,1,4,2015-10-17,combined-print-and-e-book-nonfiction,1
3,9781591848042,2,2,2015-10-17,combined-print-and-e-book-nonfiction,1
4,9781101875100,4,2,2015-10-17,combined-print-and-e-book-nonfiction,0
5,9780804138147,6,5,2015-10-17,combined-print-and-e-book-nonfiction,-1
6,9780399173325,3,2,2015-10-17,combined-print-and-e-book-nonfiction,3
7,9780812993547,10,14,2015-10-17,combined-print-and-e-book-nonfiction,-3
8,9780062218360,0,11,2015-10-17,combined-print-and-e-book-nonfiction,8
9,9781501116445,0,1,2015-10-17,combined-print-and-e-book-nonfiction,9
10,9780143125471,7,74,2015-10-17,combined-print-and-e-book-nonfiction,3
11,9781250077004,9,4,2015-10-17,combined-print-and-e-book-nonfiction,2
12,9780547250250,5,2,2015-10-17,combined-print-and-e-book-nonfiction,7
13,9780062265449,12,11,2015-10-17,combined-print-and-e-book-nonfiction,1
14,9780316322423,11,34,2015-10-17,combined-print-and-e-book-nonfiction,3
15,9780399167256,0,1,2015-10-17,combined-print-and-e-book-nonfiction,15
16,9780805095159,0,0,2015-10-17,combined-print-and-e-book-nonfiction,16
17,9780393247213,0,0,2015-10-17,combined-print-and-e-book-nonfiction,17
18,9781476728742,0,0,2015-10-17,combined-print-and-e-book-nonfiction,18
19,9780062268358,0,0,2015-10-17,combined-print-and-e-book-nonfiction,19
20,9780375725609,0,0,2015-10-17,combined-print-and-e-book-nonfiction,20
1,9781627792417,2,5,2015-10-24,combined-print-and-e-book-nonfiction,-1
2,9781501117695,0,1,2015-10-24,combined-print-and-e-book-nonfiction,2
3,9781591848042,3,3,2015-10-24,combined-print-and-e-book-nonfiction,0
4,9781466874961,0,1,2015-10-24,combined-print-and-e-book-nonfiction,4
5,9781250058904,1,2,2015-10-24,combined-print-and-e-book-nonfiction,4
6,9780143125471,10,75,2015-10-24,combined-print-and-e-book-nonfiction,-4
7,9780804138147,5,6,2015-10-24,combined-print-and-e-book-nonfiction,2
8,9780062265449,13,12,2015-10-24,combined-print-and-e-book-nonfiction,-5
9,9780812993547,7,15,2015-10-24,combined-print-and-e-book-nonfiction,2
10,9781501116445,9,2,2015-10-24,combined-print-and-e-book-nonfiction,1
11,9781594631740,0,1,2015-10-24,combined-print-and-e-book-nonfiction,11
12,9781101875100,4,3,2015-10-24,combined-print-and-e-book-nonfiction,8
13,9780399167256,15,2,2015-10-24,combined-print-and-e-book-nonfiction,-2
14,9780399173325,6,3,2015-10-24,combined-print-and-e-book-nonfiction,8
15,9781250077004,11,5,2015-10-24,combined-print-and-e-book-nonfiction,4
16,9780316322423,0,0,2015-10-24,combined-print-and-e-book-nonfiction,16
17,9780547250250,0,0,2015-10-24,combined-print-and-e-book-nonfiction,17
18,9780805095159,0,0,2015-10-24,combined-print-and-e-book-nonfiction,18
19,9780062218360,0,0,2015-10-24,combined-print-and-e-book-nonfiction,19
20,9781476728742,0,0,2015-10-24,combined-print-and-e-book-nonfiction,20
1,9781627792417,1,6,2015-10-31,combined-print-and-e-book-nonfiction,0
2,9780316200608,0,1,2015-10-31,combined-print-and-e-book-nonfiction,2
3,9781250067050,4,2,2015-10-31,combined-print-and-e-book-nonfiction,-1
4,9781455536115,0,1,2015-10-31,combined-print-and-e-book-nonfiction,4
5,9781591848042,3,4,2015-10-31,combined-print-and-e-book-nonfiction,2
6,9781501117695,2,2,2015-10-31,combined-print-and-e-book-nonfiction,4
7,9781101983799,0,1,2015-10-31,combined-print-and-e-book-nonfiction,7
8,9780553419962,0,1,2015-10-31,combined-print-and-e-book-nonfiction,8
9,9780062415837,0,1,2015-10-31,combined-print-and-e-book-nonfiction,9
10,9780812993547,9,16,2015-10-31,combined-print-and-e-book-nonfiction,1
11,9781594486630,0,1,2015-10-31,combined-print-and-e-book-nonfiction,11
12,9780143125471,6,76,2015-10-31,combined-print-and-e-book-nonfiction,6
13,9780679456209,0,1,2015-10-31,combined-print-and-e-book-nonfiction,13
14,9781250058904,5,3,2015-10-31,combined-print-and-e-book-nonfiction,9
15,9780804138147,7,7,2015-10-31,combined-print-and-e-book-nonfiction,8
16,9780316322423,0,0,2015-10-31,combined-print-and-e-book-nonfiction,16
17,9781101875100,0,0,2015-10-31,combined-print-and-e-book-nonfiction,17
18,9780307719980,0,0,2015-10-31,combined-print-and-e-book-nonfiction,18
19,9780805095159,0,0,2015-10-31,combined-print-and-e-book-nonfiction,19
20,9781250077004,0,0,2015-10-31,combined-print-and-e-book-nonfiction,20
1,9781101886977,0,1,2015-11-07,combined-print-and-e-book-nonfiction,1
2,9781627792417,1,7,2015-11-07,combined-print-and-e-book-nonfiction,1
3,9781591848066,0,1,2015-11-07,combined-print-and-e-book-nonfiction,3
4,9781501137969,0,1,2015-11-07,combined-print-and-e-book-nonfiction,4
5,9781591848042,5,5,2015-11-07,combined-print-and-e-book-nonfiction,0
6,9780316200608,2,2,2015-11-07,combined-print-and-e-book-nonfiction,4
7,9780553419962,8,2,2015-11-07,combined-print-and-e-book-nonfiction,-1
8,9781250067050,3,3,2015-11-07,combined-print-and-e-book-nonfiction,5
9,9781101983799,7,2,2015-11-07,combined-print-and-e-book-nonfiction,2
10,9780143125471,12,77,2015-11-07,combined-print-and-e-book-nonfiction,-2
11,9780679456209,13,2,2015-11-07,combined-print-and-e-book-nonfiction,-2
12,9780812993547,10,17,2015-11-07,combined-print-and-e-book-nonfiction,2
13,9781455536115,4,2,2015-11-07,combined-print-and-e-book-nonfiction,9
14,9781501117695,6,3,2015-11-07,combined-print-and-e-book-nonfiction,8
15,9780804138147,15,8,2015-11-07,combined-print-and-e-book-nonfiction,0
16,9781455563111,0,0,2015-11-07,combined-print-and-e-book-nonfiction,16
17,9780805095159,0,0,2015-11-07,combined-print-and-e-book-nonfiction,17
18,9780316322423,0,0,2015-11-07,combined-print-and-e-book-nonfiction,18
19,9781250077004,0,0,2015-11-07,combined-print-and-e-book-nonfiction,19
20,9781250058904,0,0,2015-11-07,combined-print-and-e-book-nonfiction,20
1,9781101886960,1,2,2015-11-14,combined-print-and-e-book-nonfiction,0
2,9781400067657,0,1,2015-11-14,combined-print-and-e-book-nonfiction,2
3,9781627792417,2,8,2015-11-14,combined-print-and-e-book-nonfiction,1
4,9781591848066,3,2,2015-11-14,combined-print-and-e-book-nonfiction,1
5,9780143034759,0,1,2015-11-14,combined-print-and-e-book-nonfiction,5
6,9780316200608,6,3,2015-11-14,combined-print-and-e-book-nonfiction,0
7,9781501137969,4,2,2015-11-14,combined-print-and-e-book-nonfiction,3
8,9780143125471,10,78,2015-11-14,combined-print-and-e-book-nonfiction,-2
9,9780679456209,11,3,2015-11-14,combined-print-and-e-book-nonfiction,-2
10,9781101983799,9,3,2015-11-14,combined-print-and-e-book-nonfiction,1
11,9780812993547,12,18,2015-11-14,combined-print-and-e-book-nonfiction,-1
12,9780804138147,15,9,2015-11-14,combined-print-and-e-book-nonfiction,-3
13,9780553419962,7,3,2015-11-14,combined-print-and-e-book-nonfiction,6
14,9781591848042,5,6,2015-11-14,combined-print-and-e-book-nonfiction,9
15,9781501117695,14,4,2015-11-14,combined-print-and-e-book-nonfiction,1
16,9780316322423,0,0,2015-11-14,combined-print-and-e-book-nonfiction,16
17,9781250067050,0,0,2015-11-14,combined-print-and-e-book-nonfiction,17
18,9780805095159,0,0,2015-11-14,combined-print-and-e-book-nonfiction,18
19,9780061864537,0,0,2015-11-14,combined-print-and-e-book-nonfiction,19
20,9780805099683,0,0,2015-11-14,combined-print-and-e-book-nonfiction,20
1,9781627792417,3,9,2015-11-21,combined-print-and-e-book-nonfiction,-2
2,9781591848066,4,3,2015-11-21,combined-print-and-e-book-nonfiction,-2
3,9781101886960,1,3,2015-11-21,combined-print-and-e-book-nonfiction,2
4,9781400067657,2,2,2015-11-21,combined-print-and-e-book-nonfiction,2
5,9780812993547,11,19,2015-11-21,combined-print-and-e-book-nonfiction,-6
6,9780143125471,8,79,2015-11-21,combined-print-and-e-book-nonfiction,-2
7,9780399173547,0,1,2015-11-21,combined-print-and-e-book-nonfiction,7
8,9780316200608,6,4,2015-11-21,combined-print-and-e-book-nonfiction,2
9,9780553419962,13,4,2015-11-21,combined-print-and-e-book-nonfiction,-4
10,9780804138147,12,10,2015-11-21,combined-print-and-e-book-nonfiction,-2
11,9781101983799,10,4,2015-11-21,combined-print-and-e-book-nonfiction,1
12,9780871404237,0,1,2015-11-21,combined-print-and-e-book-nonfiction,12
13,9780143034759,5,2,2015-11-21,combined-print-and-e-book-nonfiction,8
14,9780316322423,0,35,2015-11-21,combined-print-and-e-book-nonfiction,14
15,9781101875100,0,4,2015-11-21,combined-print-and-e-book-nonfiction,15
16,9780679456209,0,0,2015-11-21,combined-print-and-e-book-nonfiction,16
17,9781250058904,0,0,2015-11-21,combined-print-and-e-book-nonfiction,17
18,9780062415837,0,0,2015-11-21,combined-print-and-e-book-nonfiction,18
19,9781501117695,0,0,2015-11-21,combined-print-and-e-book-nonfiction,19
20,9780143126812,0,0,2015-11-21,combined-print-and-e-book-nonfiction,20
1,9781627792417,1,10,2015-11-28,combined-print-and-e-book-nonfiction,0
2,9781250058904,0,4,2015-11-28,combined-print-and-e-book-nonfiction,2
3,9781591848066,2,4,2015-11-28,combined-print-and-e-book-nonfiction,1
4,9781250095893,0,1,2015-11-28,combined-print-and-e-book-nonfiction,4
5,9781101886960,3,4,2015-11-28,combined-print-and-e-book-nonfiction,2
6,9780812993547,5,20,2015-11-28,combined-print-and-e-book-nonfiction,1
7,9781400067657,4,3,2015-11-28,combined-print-and-e-book-nonfiction,3
8,9780804138147,10,11,2015-11-28,combined-print-and-e-book-nonfiction,-2
9,9780143125471,6,80,2015-11-28,combined-print-and-e-book-nonfiction,3
10,9781501117695,0,5,2015-11-28,combined-print-and-e-book-nonfiction,10
11,9780316200608,8,5,2015-11-28,combined-print-and-e-book-nonfiction,3
12,9780871404237,12,2,2015-11-28,combined-print-and-e-book-nonfiction,0
13,9781476728742,0,24,2015-11-28,combined-print-and-e-book-nonfiction,13
14,9780812998399,0,1,2015-11-28,combined-print-and-e-book-nonfiction,14
15,9780316322423,14,36,2015-11-28,combined-print-and-e-book-nonfiction,1
16,9780553419962,0,0,2015-11-28,combined-print-and-e-book-nonfiction,16
17,9781101983799,0,0,2015-11-28,combined-print-and-e-book-nonfiction,17
18,9781501137969,0,0,2015-11-28,combined-print-and-e-book-nonfiction,18
19,9780143126812,0,0,2015-11-28,combined-print-and-e-book-nonfiction,19
20,9780062268358,0,0,2015-11-28,combined-print-and-e-book-nonfiction,20
1,9781250058904,2,5,2015-12-05,combined-print-and-e-book-nonfiction,-1
2,9781627792417,1,11,2015-12-05,combined-print-and-e-book-nonfiction,1
3,9781591848066,3,5,2015-12-05,combined-print-and-e-book-nonfiction,0
4,9780812993547,6,21,2015-12-05,combined-print-and-e-book-nonfiction,-2
5,9781400067657,7,4,2015-12-05,combined-print-and-e-book-nonfiction,-2
6,9781250095893,4,2,2015-12-05,combined-print-and-e-book-nonfiction,2
7,9780143125471,9,81,2015-12-05,combined-print-and-e-book-nonfiction,-2
8,9780804138147,8,12,2015-12-05,combined-print-and-e-book-nonfiction,0
9,9781101886960,5,5,2015-12-05,combined-print-and-e-book-nonfiction,4
10,9780871404237,12,3,2015-12-05,combined-print-and-e-book-nonfiction,-2
11,9780316200608,11,6,2015-12-05,combined-print-and-e-book-nonfiction,0
12,9780544272996,0,18,2015-12-05,combined-print-and-e-book-nonfiction,12
13,9781250038821,0,11,2015-12-05,combined-print-and-e-book-nonfiction,13
14,9781476728742,13,25,2015-12-05,combined-print-and-e-book-nonfiction,1
15,9780062297129,0,1,2015-12-05,combined-print-and-e-book-nonfiction,15
16,9780316322423,0,0,2015-12-05,combined-print-and-e-book-nonfiction,16
17,9780143126812,0,0,2015-12-05,combined-print-and-e-book-nonfiction,17
18,9781501137969,0,0,2015-12-05,combined-print-and-e-book-nonfiction,18
19,9780553419962,0,0,2015-12-05,combined-print-and-e-book-nonfiction,19
20,9780062268358,0,0,2015-12-05,combined-print-and-e-book-nonfiction,20
1,9781627792417,2,12,2015-12-12,combined-print-and-e-book-nonfiction,-1
2,9781591848066,3,6,2015-12-12,combined-print-and-e-book-nonfiction,-1
3,9781250058904,1,6,2015-12-12,combined-print-and-e-book-nonfiction,2
4,9780812993547,4,22,2015-12-12,combined-print-and-e-book-nonfiction,0
5,9780143125471,7,82,2015-12-12,combined-print-and-e-book-nonfiction,-2
6,9781400067657,5,5,2015-12-12,combined-print-and-e-book-nonfiction,1
7,9780804138147,8,13,2015-12-12,combined-print-and-e-book-nonfiction,-1
8,9781476728742,14,26,2015-12-12,combined-print-and-e-book-nonfiction,-6
9,9780544272996,12,19,2015-12-12,combined-print-and-e-book-nonfiction,-3
10,9781250095893,6,3,2015-12-12,combined-print-and-e-book-nonfiction,4
11,9780143126812,0,1,2015-12-12,combined-print-and-e-book-nonfiction,11
12,9781101886960,9,6,2015-12-12,combined-print-and-e-book-nonfiction,3
13,9780316200608,11,7,2015-12-12,combined-print-and-e-book-nonfiction,2
14,9781501137969,0,3,2015-12-12,combined-print-and-e-book-nonfiction,14
15,9780316322423,0,37,2015-12-12,combined-print-and-e-book-nonfiction,15
16,9780062415837,0,0,2015-12-12,combined-print-and-e-book-nonfiction,16
17,9780062268358,0,0,2015-12-12,combined-print-and-e-book-nonfiction,17
18,9780871404237,0,0,2015-12-12,combined-print-and-e-book-nonfiction,18
19,9780307408860,0,0,2015-12-12,combined-print-and-e-book-nonfiction,19
20,9781594206276,0,0,2015-12-12,combined-print-and-e-book-nonfiction,20
1,9781627792417,1,13,2015-12-19,combined-print-and-e-book-nonfiction,0
2,9781591848066,2,7,2015-12-19,combined-print-and-e-book-nonfiction,0
3,9781250058904,3,7,2015-12-19,combined-print-and-e-book-nonfiction,0
4,9780812993547,4,23,2015-12-19,combined-print-and-e-book-nonfiction,0
5,9780143125471,5,83,2015-12-19,combined-print-and-e-book-nonfiction,0
6,9780544272996,9,20,2015-12-19,combined-print-and-e-book-nonfiction,-3
7,9781476728742,8,27,2015-12-19,combined-print-and-e-book-nonfiction,-1
8,9781400067657,6,6,2015-12-19,combined-print-and-e-book-nonfiction,2
9,9780804138147,7,14,2015-12-19,combined-print-and-e-book-nonfiction,2
10,9780871404237,0,4,2015-12-19,combined-print-and-e-book-nonfiction,10
11,9780393353150,0,9,2015-12-19,combined-print-and-e-book-nonfiction,11
12,9780316322423,15,38,2015-12-19,combined-print-and-e-book-nonfiction,-3
13,9781250095893,10,4,2015-12-19,combined-print-and-e-book-nonfiction,3
14,9780062268358,0,24,2015-12-19,combined-print-and-e-book-nonfiction,14
15,9780316200608,13,8,2015-12-19,combined-print-and-e-book-nonfiction,2
16,9780143126812,0,0,2015-12-19,combined-print-and-e-book-nonfiction,16
17,9781501137969,0,0,2015-12-19,combined-print-and-e-book-nonfiction,17
18,9780307408860,0,0,2015-12-19,combined-print-and-e-book-nonfiction,18
19,9780062415837,0,0,2015-12-19,combined-print-and-e-book-nonfiction,19
20,9781594206276,0,0,2015-12-19,combined-print-and-e-book-nonfiction,20
